{
    "routers": {
        "10.34.98.1": {
            "connections": {
                "10.34.166.1": {
                    "netmask": "/24",
                    "interface": "en0",
                    "ad": 70
                },
                "10.34.194.1": {
                    "netmask": "/24",
                    "interface": "en1",
                    "ad": 93
                },
                "10.34.46.1": {
                    "netmask": "/24",
                    "interface": "en2",
                    "ad": 64
                }
            },
            "netmask": "/24",
            "if_count": 3,
            "if_prefix": "en"
        },
        "10.34.250.1": {
            "connections": {
                "10.34.52.1": {
                    "netmask": "/24",
                    "interface": "eth0",
                    "ad": 62
                },
                "10.34.166.1": {
                    "netmask": "/24",
                    "interface": "eth1",
                    "ad": 116
                }
            },
            "netmask": "/24",
            "if_count": 2,
            "if_prefix": "eth"
        },
        "10.34.52.1": {
            "connections": {
                "10.34.250.1": {
                    "netmask": "/24",
                    "interface": "lan0",
                    "ad": 93
                },
                "10.34.53.1": {
                    "netmask": "/24",
                    "interface": "lan1",
                    "ad": 77
                }
            },
            "netmask": "/24",
            "if_count": 2,
            "if_prefix": "lan"
        },
        "10.34.46.1": {
            "connections": {
                "10.34.98.1": {
                    "netmask": "/24",
                    "interface": "en0",
                    "ad": 117
                },
                "10.34.194.1": {
                    "netmask": "/24",
                    "interface": "en1",
                    "ad": 69
                },
                "10.34.91.1": {
                    "netmask": "/24",
                    "interface": "en2",
                    "ad": 72
                }
            },
            "netmask": "/24",
            "if_count": 3,
            "if_prefix": "en"
        },
        "10.34.194.1": {
            "connections": {
                "10.34.98.1": {
                    "netmask": "/24",
                    "interface": "en0",
                    "ad": 160
                },
                "10.34.46.1": {
                    "netmask": "/24",
                    "interface": "en1",
                    "ad": 119
                },
                "10.34.53.1": {
                    "netmask": "/24",
                    "interface": "en2",
                    "ad": 127
                }
            },
            "netmask": "/24",
            "if_count": 3,
            "if_prefix": "en"
        },
        "10.34.79.1": {
            "connections": {
                "10.34.91.1": {
                    "netmask": "/24",
                    "interface": "geth0",
                    "ad": 153
                },
                "10.34.209.1": {
                    "netmask": "/24",
                    "interface": "geth1",
                    "ad": 123
                }
            },
            "netmask": "/24",
            "if_count": 2,
            "if_prefix": "geth"
        },
        "10.34.209.1": {
            "connections": {
                "10.34.79.1": {
                    "netmask": "/24",
                    "interface": "eth0",
                    "ad": 88
                },
                "10.34.91.1": {
                    "netmask": "/24",
                    "interface": "eth1",
                    "ad": 93
                }
            },
            "netmask": "/24",
            "if_count": 2,
            "if_prefix": "eth"
        },
        "10.34.91.1": {
            "connections": {
                "10.34.46.1": {
                    "netmask": "/24",
                    "interface": "geth0",
                    "ad": 99
                },
                "10.34.79.1": {
                    "netmask": "/24",
                    "interface": "geth1",
                    "ad": 155
                },
                "10.34.209.1": {
                    "netmask": "/24",
                    "interface": "geth2",
                    "ad": 64
                }
            },
            "netmask": "/24",
            "if_count": 3,
            "if_prefix": "geth"
        },
        "10.34.166.1": {
            "connections": {
                "10.34.98.1": {
                    "netmask": "/24",
                    "interface": "eth0",
                    "ad": 109
                },
                "10.34.250.1": {
                    "netmask": "/24",
                    "interface": "eth1",
                    "ad": 152
                }
            },
            "netmask": "/24",
            "if_count": 2,
            "if_prefix": "eth"
        },
        "10.34.53.1": {
            "connections": {
                "10.34.52.1": {
                    "netmask": "/24",
                    "interface": "eth0",
                    "ad": 131
                },
                "10.34.194.1": {
                    "netmask": "/24",
                    "interface": "eth1",
                    "ad": 62
                }
            },
            "netmask": "/24",
            "if_count": 2,
            "if_prefix": "eth"
        }
    },
    "src-dest": [
        [
            "10.34.52.187",
            "10.34.52.244"
        ],
        [
            "10.34.52.158",
            "10.34.166.1"
        ],
        [
            "10.34.46.25",
            "10.34.166.228"
        ],
        [
            "10.34.209.229",
            "10.34.166.26"
        ],
        [
            "10.34.79.218",
            "10.34.79.58"
        ],
        [
            "10.34.98.184",
            "10.34.209.6"
        ],
        [
            "10.34.91.97",
            "10.34.46.255"
        ],
        [
            "10.34.79.99",
            "10.34.46.205"
        ],
        [
            "10.34.52.23",
            "10.34.46.130"
        ],
        [
            "10.34.250.228",
            "10.34.52.119"
        ],
        [
            "10.34.209.189",
            "10.34.91.120"
        ],
        [
            "10.34.194.188",
            "10.34.91.252"
        ],
        [
            "10.34.250.213",
            "10.34.91.184"
        ],
        [
            "10.34.52.60",
            "10.34.46.125"
        ],
        [
            "10.34.52.118",
            "10.34.91.55"
        ],
        [
            "10.34.91.68",
            "10.34.79.122"
        ],
        [
            "10.34.250.234",
            "10.34.46.73"
        ],
        [
            "10.34.91.205",
            "10.34.53.190"
        ],
        [
            "10.34.98.33",
            "10.34.166.170"
        ],
        [
            "10.34.79.81",
            "10.34.46.142"
        ]
    ]
}